{"r2": 0.5152402348010932, "mae": 3.8368210036213135, "mse": 20.91253627068084}